model_id, num_trees, num_try, sample_prop, seed, variance_accounted, age, Agreeableness, AttentionCheck, Conscientiousness, TimeofSemester, Extraversion, gender, Intrinsic, Mood, Neuroticism, NFC, Openness, Persistence, SelfEsteem, Stress, Temperatureinlab, SubjectiveTemp, SubjectiveLight, SubjectiveSpace, YearinCollege
crf, 50, 3, 0.632, 12345, 0.603830130723746, 0.000333026683537172, -0.000196178138643443, 0.000402222959418325, 0.00028851680454529, 0.000928504226024812, 2.95048830429781e-05, -0.000215615504993388, 0.00040091400179042, -3.7029741533065e-05, 0.000275303091650319, 0.000241630583170202, 0.000335132305949304, 0.000147984592044638, 0.00027400137433233, -0.000243330767424484, -0.000234066451174432, 5.88995625587213e-05, 9.61714431966104e-05, 6.7950723859016e-05, 9.89984160763274e-05
rf, 50, 3, 0.632, 12345, 0.00398120312772173, 1.77905994381739, 2.79469235237547, 0.665196032647921, 1.85226584969349, 0.803737535650221, -0.589328320532435, 1.17542924299299, 3.06472431637659, 0.4405736431957, 1.62744755019564, 3.07838347037655, 3.78512383788216, 1.96617909246149, 1.70336975811821, 0.360401863468233, 4.53241694702453, -0.231549666328787, 0.501359263889161, -0.748406684570627, 2.51686312639683
crf, 50, 3, 0.3, 12345, 0.312282070079098, 4.8295153165446e-05, -0.000187207863153492, 0.000143863285809085, 0.000418447597861444, 0.000442254013881557, 0.000226739198578682, 7.48671477378041e-05, 0.000723309824197251, -0.000207239092438399, -0.000188407991657946, -2.71677425367386e-05, 0.000827903937693117, 0.000139216303377691, 0.000204051372456752, -0.000136396260471339, 0.000311584783888006, 0.000278671081743218, 0.000421596327293093, 0.000119215881883686, 4.32541707737794e-05
rf, 50, 3, 0.3, 12345, 0.00257102374553078, 2.56794997847506, 0.491791803998642, 2.30680724665749, 1.39815296085383, 2.2226761641863, -0.24517990565391, 0.963898231991682, 2.33627294812356, 1.04695065289793, 2.37136434763107, 2.58843852878152, 3.10140068833732, 1.82929555959493, 1.60647739806937, 1.20281435742492, 1.4608820881524, 0.534409260553316, 0.349738410706499, -0.607589633463903, 1.60652904414115
crf, 50, 3, 0.35, 12345, 0.380457700925329, 0.000320528601694803, -0.000104006072250488, 0.000226770633698069, 0.000531361768805323, 0.000428469562917379, 0.000100727812091058, -8.78412038471674e-05, 0.000178544864533105, -0.00030214516461008, 0.000358685082042325, 0.000313380396703744, 0.000877009531480598, 0.000344459584037844, -6.31014125590315e-05, 0.000125474698921555, 0.000282176961359854, 0.000197319830642142, -4.02803167054486e-05, -6.00485602173234e-05, 0.000128995216590158
rf, 50, 3, 0.35, 12345, 0.00492882382413189, 2.48574492366362, 1.15004039819301, -0.21740476961601, 0.912622462302633, 2.08349137494201, -0.659697669325014, 1.10107538712309, 2.99826354841245, 1.21439113847343, 1.1158108462358, 2.0919606108415, 3.21655769855465, 1.36747975977018, 3.02262213805336, 2.55279563892833, 1.9149258519427, 3.01426178300348, 0.189800648337052, 0.142213228331669, 1.65599906853326
crf, 50, 3, 0.4, 12345, 0.393733276125464, 2.99275941612778e-05, -9.8657065043003e-05, -0.000129996391161937, 0.000305073857094667, 0.000363669949878432, -0.000308977579597206, -0.00015229633277898, 8.90506238764721e-05, -1.40289445965766e-05, 0.000334725340992787, 0.000223396793022384, 0.000414085612298848, 0.00018855552989562, -4.11609414740777e-05, -0.000321874126518745, 0.000362475633354481, -2.82590128769403e-05, -0.000252221516234225, -0.0001524674217822, 0.000403590002110271
rf, 50, 3, 0.4, 12345, 0.00376682521533414, -1.06207642691092, 0.439102412307097, -2.50970260158322, 0.941092236357714, 1.17743449235837, 3.16745205204793, 2.27665035011006, 4.44721489946269, 1.06436805813851, 2.49737726576162, 3.49861274552433, 1.92680510073045, 1.13663951485009, 3.26820167260726, 0.738154183611143, 1.95721101761097, -0.364674589565336, 1.07336648386991, -1.13327214618594, -0.176837978985291
crf, 50, 3, 0.45, 12345, 0.465415769235452, -1.23865424923178e-05, -0.000345546681189201, -0.000157530680436497, 0.000393753384448069, 0.000795903792677186, 0.000112908339814545, -0.000316807964939991, 0.00024553207646357, -0.000411356554247648, 0.000100020304058016, -0.00031093086470345, -0.000190851154390213, -0.000183212289655774, -1.80164999876617e-05, -0.000192840770693511, 0.000951887005470506, 0.000385819023048113, -0.000250272819210924, 0.000139171075177373, 0.000224911676347748
rf, 50, 3, 0.45, 12345, 0.0025164873348873, 1.7981043534173, -0.998749322772754, 0.96650209154476, 1.64993446995856, 1.37709184705902, 1.14041606501075, 0.630493228294295, 5.35293235048394, 1.44662599770164, 1.86504988956113, 3.21493433127975, 3.36332268157864, 0.309344670320597, 1.57710129165299, 0.503048725256723, 1.11573281968879, 0.509053663404123, 1.30753136760954, -1.21430785440002, 3.10424038615388
crf, 50, 3, 0.5, 12345, 0.522805820538798, 0.000374291277380445, -5.10406672213209e-05, -1.85834008973415e-05, 0.000356520835775894, 0.00109209513070643, 0.00010707224427823, 0.000211422041503977, 0.000539709734358903, -9.25524531382924e-05, -3.33927286573149e-05, 0.00016245669007581, 0.000963327391134938, 0.000258119751464473, -0.000221172965614246, -2.99620618729943e-05, 0.000417020239213147, 1.39041025617653e-06, -5.16509281852986e-05, 2.17012442316397e-05, 0.000331632442028743
rf, 50, 3, 0.5, 12345, 0.0045231740756173, 2.01511473871254, -0.173452306222521, -1.08563685310573, -0.0993765083012194, 2.8461149813758, 0.137193859418979, 1.23170916391751, 4.40478122127166, 1.5133484647062, 0.381579146957694, 2.08687315463525, 2.71810710372584, 1.03736987579794, 1.92672497967402, 0.601399628188244, 1.86719337466728, 1.12721378925984, -1.13877171384096, 0.256745287286569, 1.5344790291123
crf, 50, 3, 0.55, 12345, 0.545775485436039, 0.000100957376964652, -0.000268303805803116, -8.22726870110563e-06, 0.000730063276655431, 0.000649436258160064, 0.000190914317454644, -5.77708056590562e-05, 4.73193725712243e-05, -0.00013331449455545, -6.52733879229031e-05, -6.59481197630149e-05, 0.000719683811887445, -0.000190845960038711, 1.32705485450707e-05, -5.20654155222364e-05, 0.000351993863276623, 0.000232853757159859, -0.000227293097302738, -0.00046736505149021, -0.000180135086269849
rf, 50, 3, 0.55, 12345, 0.00345218626336323, 2.18803255393274, 0.933850968755472, -0.100635997577455, 2.6746275416204, 1.19912205441547, 0.635458547735778, 0.81487751041831, 2.22084545300855, 0.329812555732474, 1.44002369298808, 4.34964455277255, 1.87548508873867, -0.344868026608084, 0.0769885855231923, 1.51132582382001, 0.91815049106591, 0.887649182503869, -0.327227079938853, 1.6822346203073, 3.25723079314394
crf, 50, 3, 0.6, 12345, 0.565137312942992, 1.71465768412454e-06, 2.93991503221314e-05, 5.22612191568977e-05, 7.33893211558115e-05, 0.000949124846431897, 0.000399391731027346, 0.000276266191468614, 0.00014661886500102, 4.87720747183018e-05, -0.000346813403370587, 0.000113912678943263, 0.00048224755902347, 0.000113942166264731, -3.77452785024004e-05, -0.000173262392760102, 0.000676233068000285, 0.000416542175879719, -0.0005157193907276, -0.000432487342301914, 0.000475602002355528
rf, 50, 3, 0.6, 12345, 0.00143239930116964, 1.49763754366269, -0.6802125827753, -1.2867361954831, -0.492052932983759, 0.213089725841446, -0.213426699552279, -0.0123357084419496, 3.17457435469532, 1.36334628003748, 1.82669578042112, 3.12800736949685, 1.53915406238873, 0.295649365614481, 0.0925695629078262, 0.491470047915101, -1.17979508373115, 0.596700499953841, 0.333441721483597, 0.811732078081307, 1.68556183771137
crf, 50, 3, 0.65, 12345, 0.632977860908191, 0.000812851491115295, -0.000161525338536655, 0.000248428651649726, 0.00047271570513908, 0.000178256434152237, 3.7043421697501e-05, -7.12017111974136e-05, 0.000828750068126812, -0.000140092656816439, -3.54992239471388e-05, 0.000100021280446186, 0.000871595771976229, -3.47236048773117e-05, -6.91400701222503e-05, 0.000292050615869577, 0.000646870477295431, 8.06302748855361e-05, 2.03825387704304e-06, -6.57876347918812e-05, 0.000534743033406306
rf, 50, 3, 0.65, 12345, 0.000242492322470983, 1.45625481090877, -0.445058542322899, 0.641499661905396, 1.98397252050465, 0.936414205318034, -0.0664721870715894, 2.02949652053183, 2.60174636644509, 0.948554522173227, 1.95259719995825, 0.860198269193863, 1.83958498415727, -0.863688522686556, 0.759185375112668, 3.04903303609517, 1.24017176645627, 0.76494096368242, 0.0627094081053501, 1.39259920990416, 2.51369568738886
crf, 50, 3, 0.7, 12345, 0.645761283240502, 5.15806623372381e-05, 4.12272192135124e-05, 0.000166753103606494, 0.000374024741752124, 0.00134165949064258, -0.000160305512511556, -0.000155292330189482, 0.000573310727873571, -0.000326042286898908, -3.01848466076726e-06, 0.000305362053465185, 0.000403230897629905, 0.000109268670466116, 0.000140627804400547, -0.000151337857325239, 0.000465956402585196, 0.000620071403008471, -0.000146034616991014, 0.000358972909143006, 0.000288694331373447
rf, 50, 3, 0.7, 12345, 0.00505164450572047, 3.25125124400652, -0.0536262005149222, 0.686879587270082, 1.6559402657635, 1.64835150640222, 0.0138927656323987, -1.27736648143986, 3.65907649649147, 0.826925190883914, 0.633646520688501, 4.49820241239809, 1.38583909388265, 0.311671144392747, 1.04985249509053, 2.84778694142681, 1.24360067789131, -0.26816810318565, 0.730288626256166, 0.630480703376323, 2.36700339323365
crf, 50, 3, 0.75, 12345, 0.66675881889577, -3.29545452571453e-05, -0.000412294407170191, 0.000295812617637558, 0.000103852302781411, 0.0003674402234357, -0.000378180903359409, -0.000494178433509531, 8.77572124526396e-05, -1.19306091366025e-05, 0.000585362392206953, 0.00040662001601081, 0.000783527960465208, 0.000183114213215081, -7.81295917590685e-06, 0.000161310427405659, 0.000167549740505923, -0.000279439994917413, -0.000255670227896505, -0.000684400763443585, 0.000470592302148246
rf, 50, 3, 0.75, 12345, 0.00452099925486002, 1.30930751413954, 1.86680359763957, -0.548509932755325, 1.4035302754755, 2.60744368650202, 1.0190165057866, 0.639119585034798, 4.23584289021944, -0.267863732346527, 1.9667392773972, 2.09408160682703, 3.72284931777867, 0.401876602542761, 2.29618386061278, 1.25355179205967, 0.923074025269376, 0.39022520942899, 1.15268007050916, -0.726225140166402, 2.59751670143977
crf, 50, 3, 0.8, 12345, 0.707940305466478, 0.000866194072938059, -0.000282051354038751, 0.000274998683864061, 0.000470747799959426, 0.00102636954078308, 7.65452404815264e-05, 2.20333674749179e-05, 0.00053276955320203, 0.000245088178557764, -8.85471566882104e-05, 0.000366675905006922, 0.000314092366271559, 0.000126003660809401, -0.000387221428310009, 0.000211806660298516, 0.00014858345985576, 0.000568835776932474, 0.000906932818486197, -0.000281836079482772, 0.000427644866009217
rf, 50, 3, 0.8, 12345, 0.0013170717009017, 2.92522864117277, 0.822652709563893, -0.0653633045391962, 0.527402785321833, 1.16469058047586, 1.11777142333169, 0.555976784521434, 5.09663192921192, -0.126849629177204, 0.491142646975988, 2.4012276648293, 1.41926081084445, 1.96409157649701, 1.15349466256675, -0.247288759227997, 1.49693975030217, -0.77328476857723, 0.315748136355828, -0.117508966498983, 2.96866870682457
crf, 50, 3, 0.85, 12345, 0.717204045536079, 0.000158071615400694, 0.00018515055082639, -5.78586952820825e-05, 0.00027211182679211, 0.000809303409433792, -0.000231531167254679, -0.000243736846198263, 0.000453305307043609, 0.000398715074718149, -0.000253666672880782, 0.000387642181343596, 0.00143442125944146, 0.00069086707419554, -0.000349365311391034, -7.35846113292069e-05, 0.00105468545979234, -0.00034925959753439, -0.000323956513313455, -0.00042780079904277, 0.000717857719451243
rf, 50, 3, 0.85, 12345, NA, 0.848448896588437, -0.941315072552358, 0.108500033919754, -1.46218753957891, -0.715115608914186, 1.88575398860397, -0.200256539794046, 1.89109777697475, 0.525803399430056, 1.17151302473739, 1.5973980595232, 0.738090599440903, 0.53552278877641, 1.19298621054307, 1.29567793437609, 0.303491577749201, 0.138005631063732, -0.646120678176088, -0.813216225206646, -0.177804480261488
crf, 50, 3, 0.9, 12345, 0.739641869128799, 0.000429915756302852, -0.000686768401135259, 6.42083084697792e-05, -7.57334256312178e-05, 0.00115035205212764, 0.000214691851931289, 0.000883207380361938, -8.91940258312829e-05, 0.000323597317092319, 0.00020094975753579, -0.000145627267995619, 0.00184163486906502, 0.0010349916367986, 0.000163556917649306, 0.000649141014431625, -0.000108765985660646, 0.000202448648382499, -0.000158087190684133, 0.000302014762320117, 0.000308111693347127
rf, 50, 3, 0.9, 12345, NA, 2.26692140949929, 0.533312223879259, 0.925876789308162, 0.352153159172207, 0.491826877928506, -0.0555738378315762, 0.801409547766132, 3.61473335259113, 0.174707464152644, 0.0400294295319581, 1.89598626515599, -2.29921632261201, -0.00196281666773317, 2.0336054309795, 2.32100724680468, 1.32840465921631, 0.838476078064465, -0.513320695195958, -0.574230414162296, 1.40322654379932
crf, 100, 3, 0.632, 12345, 0.632832748876301, 0.000290463390268014, -0.000129657568514925, -0.000373184233173064, 0.000231343295337373, 0.000422638675927897, 0.000191985296003668, 7.30505959276462e-05, 0.000299815369429522, -6.79259398004566e-05, 0.000162435493784431, -6.87235489755939e-05, 0.000736783131013088, 0.000221236030267535, 0.000104210279450303, -6.07157249617396e-05, 0.000639758865738305, 0.000232502075902385, -0.000104600284060906, -0.000141655982472732, 0.000258546225590579
rf, 100, 3, 0.632, 12345, 0.00186189264260648, 2.36435064500322, 0.797448908880654, -0.690074983545621, 1.833328059902, 0.646235588680614, 0.475030610978666, -0.284879298460308, 4.65537027332376, 0.670802448294495, 2.47365939539294, 4.02436671523846, 3.40367250165053, 0.734077450741024, 0.34905599906275, 1.4215446421753, 2.66256811624507, 1.76996709994086, 0.439429337692833, -0.563329294866325, 1.14669568075404
crf, 100, 3, 0.3, 12345, 0.369265511061142, 0.00013239067707747, 0.000367814379246606, -0.000108921250099653, 0.000369493069133445, 0.000805216673785018, 3.84431557344096e-05, 0.000177795019927977, 0.000332748706369567, 4.19283917972958e-05, 5.96365292427635e-05, 0.000121253677031478, 0.000609301218907725, 0.000115769670634495, -1.73158118781784e-05, -2.06191582227057e-05, 0.000272858002782873, 0.00038013926309387, 0.000340981051590103, -7.4086255670216e-05, 0.000309418401658049
rf, 100, 3, 0.3, 12345, 0.00438178776516714, 2.52575218275294, 0.904114712440014, -0.423038546908772, 1.64699576754348, 3.31618478800869, 0.466818865454042, 0.713292036304664, 3.46083036161665, 2.32267975357103, 1.05094303107084, 3.43804239612719, 4.56127648173635, 0.918104392884576, 2.08832362810319, 0.222496478617843, 1.68142883341978, 0.32592339126984, -1.30527418258081, 1.56824897648616, 3.01890867291121
crf, 100, 3, 0.35, 12345, 0.427518912132401, 4.50000997844301e-05, -5.02906613237746e-05, 0.000130266325398908, 0.000233386229795427, 0.000810627097069319, 6.66794598945392e-05, -0.000111185264812013, 0.000147587708886149, -4.98213334124681e-05, 0.000177993739332519, 1.85443979520204e-05, 0.000525679492524307, 0.000299870615664762, 6.86175671491494e-05, -0.000169810709698447, 2.54963346825829e-05, 0.000181932399619467, 1.81753800186626e-05, -0.00017585856076945, 0.00010891935000137
rf, 100, 3, 0.35, 12345, 0.00321427726188295, 1.32370176536032, 1.33760878113517, 1.24310857442294, 0.144145227060761, 1.34084551750346, 1.14317641893554, 1.05336138422698, 4.69104481942254, 1.91448106554403, -0.169605776550637, 3.23166626759146, 3.7849845824442, 0.918176452460815, 3.89939420760443, 0.643703968444425, 3.19655019564224, 0.452796658791791, -1.51343394533378, 0.323261346418122, 1.9787125952991
crf, 100, 3, 0.4, 12345, 0.469825821832698, 0.000143996431409419, 0.000133133209624894, -0.000163073077275602, 0.000113385876870817, 0.000499717467872297, 0.000177479281341131, -9.8681725535331e-05, 0.000264816568941765, -7.76679357037095e-05, 7.56246202165301e-05, -0.00014353081083395, 0.00055702589502406, -0.000188454632908659, 1.29051755025129e-05, -4.23272636549989e-05, 0.000308336967852959, 0.000326858299697277, -3.48546774047893e-05, 7.67986089126649e-05, 0.0002594250432144
rf, 100, 3, 0.4, 12345, 0.00194392836803696, 0.664355017490821, -0.651093846027327, -0.0526187487913383, 2.78609881131433, 0.687019879334439, 0.732208577636593, -1.02787692695145, 4.38083801342589, -0.535420986894445, 1.27542256876332, 2.30653744695427, 2.87665113086072, 2.14951180840359, 2.06085548573665, 0.306581328558993, 1.97141953477244, -0.886801758639561, -0.834457267195025, -2.14217857447733, 2.71208512654816
crf, 100, 3, 0.45, 12345, 0.502235642835785, 0.000318113191757733, -0.000142081046011235, 0.00016919175881912, 0.000248550645884789, 0.000787840859354914, 7.94117826454785e-05, 0.000192269932805036, 0.000462203635538557, 0.000109725044727453, -0.00017182659401107, 5.57198351684575e-05, 0.00087280125801642, 0.000211779065990505, -7.21531287374143e-05, 0.000167744296700267, 0.000567170146627798, 0.000176845576378728, 0.000131165170133994, 0.000114014139811691, 0.000175855721045968
rf, 100, 3, 0.45, 12345, 0.0061280254891134, 2.24912957076561, -1.00140336737672, -0.941560248313554, -0.356116449244893, 2.39946363026686, 0.948687647304975, -1.02300754116437, 4.98467813808238, 0.14974108121792, 1.96775920972177, 5.27142559053665, 3.07192098628755, 2.39638249261951, 0.755191900773308, 2.78291467666903, 3.09855976432549, 2.03717374810436, -1.45552351320781, 0.700770960932941, 5.36042038222941
crf, 100, 3, 0.5, 12345, 0.576229530673803, 0.0003011724347835, -0.000178653108296211, -0.000150190202636699, 0.000177047267501581, 0.000877347535064046, 9.32675122244042e-05, 0.000161799694448057, 0.000178143594914292, -0.000211575520023442, 0.000254203604479323, 0.0001627681112065, 0.00075488909924139, 0.000248105346224219, -0.000117450125520912, -0.000217365476862468, 0.000685146195313988, 8.99062431916332e-05, 6.15868927466093e-05, -7.7267700865343e-05, 0.000155683815272668
rf, 100, 3, 0.5, 12345, 0.00440507052622823, 1.8367154979467, 1.39563003685286, -0.90208062620448, 3.09342055702811, 1.31884652355612, 1.52923801746964, 1.67978598221479, 5.65245755875481, -0.426681439811633, -0.163482786522463, 4.32760167643865, 4.37715620595634, 0.876817926957287, 3.58289284754428, 1.22224571823735, 4.13485263585735, 0.996391466837781, -0.674494328847914, 0.388737859324446, 3.03390320921656
crf, 100, 3, 0.55, 12345, 0.579942202481346, 4.73194498314386e-05, -0.000292301435130917, -0.000336815190145288, 0.000425210776398027, 0.000663406901351097, -2.01707625161798e-05, -0.000160804797519403, 0.000344951624153069, -7.26595791337488e-05, 2.77631021255567e-05, -2.4828498562794e-05, 0.000405110763239947, 4.27486864128357e-05, -8.33126136343455e-05, -0.000219348250417084, 0.000523654980982921, -5.80894421893392e-05, 7.72942245387913e-05, -0.00016806812223592, 0.000415683074964976
rf, 100, 3, 0.55, 12345, 0.00261045019768993, 2.12154785644204, -1.41410529257477, -0.194939009315748, 0.621350848642444, 0.991190171316427, 3.79297021353633, -1.63732433882327, 5.78888103466258, 1.1854295438862, 0.605206160762271, 2.73939312699222, 3.51666706571544, 1.50294664151054, -0.189968662654148, 1.66130449215179, 0.633266159216016, -1.12741621722913, -0.0876445821954764, -0.221722730101567, 1.2160030657271
crf, 100, 3, 0.6, 12345, 0.627308935000307, 0.00030715350368089, 2.56218976919685e-05, -2.25042466298328e-05, 0.000350554847603555, 0.000674253392831289, -9.11412920674219e-05, 4.64143671744614e-05, 0.000434952995156189, 0.000166602379088317, 4.70340306900131e-05, -0.000270096387244936, 0.000600091868563856, 0.00028713375189392, 0.000102876210538121, 0.000203089655872149, 0.000515541150996706, -2.59284142035428e-05, -6.94344647991599e-05, 0.000138363504053119, 0.000405302422079912
rf, 100, 3, 0.6, 12345, 0.0013365346996835, 2.36423587190336, 0.474592960992276, -0.268792402630357, 0.87342090866637, 2.14143155840419, 0.604963574216196, 1.84906336441682, 4.68450168664766, 0.278843158379064, 0.315474082752067, 3.77605401394059, 5.48300703898281, -0.0121398969723629, 1.8709577677709, 1.49615908807105, 1.9511935932102, 1.11206365183399, 0.327839644241301, -0.166754063980142, 2.13105495566041
crf, 100, 3, 0.65, 12345, 0.656803635255338, 0.000234684146962327, 5.71191080109174e-05, 0.00010377307170947, -3.00549236768556e-05, 0.000975556784748584, -4.49983669422006e-05, 0.000311889017007262, 0.000242049045430289, 0.000253942088156197, 0.000163132418091354, 0.000114865432963979, 0.000991415384470271, 0.000525301570453506, 4.59493474522039e-05, 0.000280482201049592, -2.47993591274648e-05, -0.000198342700254825, 0.000177555274931451, -0.000453858582378631, 0.000501156164711967
rf, 100, 3, 0.65, 12345, 0.00386814335217788, 2.3369822102651, -0.0865299492583091, 0.489553863277105, 0.967770845467225, -0.104044977454538, 0.89530922699809, -0.203995058009137, 5.29431965077531, 1.19372543724796, 0.558313157557812, 3.28196104858851, 4.21332930283832, 1.57695483855029, 2.18778396827109, 2.72437588978361, 0.554964546528738, 0.886005776028106, 0.713057243291072, -0.606751058845913, 2.20061260838019
crf, 100, 3, 0.7, 12345, 0.679381189571796, 0.000257065839950147, -6.64167744766601e-05, -6.64661700455267e-05, 0.000191227245407915, 0.000761530858462589, 0.000242254219760757, 0.000303241749058623, 0.000435798016518264, -1.4663099723229e-05, 0.000142182605657637, -0.000218940804001696, 0.000834528646228881, 0.000206678764605531, 0.000194495036967729, 0.000219914893147858, 0.000504019952729141, -2.02090153965162e-06, 7.4764053040834e-05, 4.60579688028827e-05, 0.000568103538209736
rf, 100, 3, 0.7, 12345, 0.00257489761857191, 2.86652038424653, -0.185518998332657, -0.0572592656547813, 0.517754967744546, 1.59476443701163, 4.16701891361738, 0.636279591515708, 4.28861069089387, 1.90836255845103, 2.64142631542502, 1.85362584013544, 2.24239038799954, 0.719755260013055, 3.54907137848753, -0.416396938189059, 2.87418572577386, 0.943198399765933, -0.82140376225274, 1.0053293235927, 2.62989522273264
crf, 100, 3, 0.75, 12345, 0.696842113848562, 4.69429375572894e-05, -0.000312546424368922, -0.000122821307845896, 0.000207389360019216, 0.000148774201661372, 0.000195457298773059, -0.00021330598014309, 0.000183102019296025, -0.000337663378684626, 0.000153560939437069, -0.000240190439198179, 0.000468479527496507, 0.000288723962209932, 0.000226046738790338, 0.000226323902202033, 0.000671879209785792, 0.000156617789430905, -0.000118515372232827, -0.000164699691568653, 0.00011403473521679
rf, 100, 3, 0.75, 12345, 7.6966792508712e-05, 2.17066602377202, -1.11608221120906, -0.14595927903176, -0.891096915217556, 0.0296049201857666, 0.812308882550967, 2.16165356789895, 4.44405175458048, -0.123680258805401, -1.25652700054374, 0.609952656685023, 2.16515974704757, 0.677280083519341, 0.719704588150304, -0.698463149459644, 0.571766660408202, 0.461792466514111, -0.840016553277521, -0.397233175604801, 2.24046804256765
crf, 100, 3, 0.8, 12345, 0.726394227956356, 0.000158237809109796, -0.000278524972404405, -0.000207276156718394, 5.23994105644907e-05, -0.000147690537991426, -0.000112819445771248, -0.000402873480006761, 0.000787608197673514, -0.000467891037543732, 0.000103053960081725, -9.09535528788827e-05, 0.000242799021577548, 0.000719957220535695, -0.000332545356526395, -0.00022623038049901, 0.000367939851180089, 2.39113795560028e-05, -0.000163811236957079, 4.66969729229219e-05, 0.000173310022315464
rf, 100, 3, 0.8, 12345, 0.000807471716656365, 1.57851764364977, -0.289433271415212, -0.75533671922877, -0.349006117849578, 1.17691631012859, -0.609952205625693, 0.093389368622778, 4.18629489142705, 0.740455891868272, 1.55013498392178, 1.7052039764599, 3.00908511593678, 1.17520767113262, 0.00498964165273787, 2.41708321029179, 0.257811906488632, 0.232381619366475, -0.0389154440537806, -1.38954669182307, 2.46752609123766
crf, 100, 3, 0.85, 12345, 0.746869411170745, 0.000232450701726588, -3.9864398422773e-05, -0.000111395175555276, 6.89715280788263e-05, 0.00028354412129588, -0.000127503170777315, -8.66711116637117e-05, 0.000347643027711995, -0.000198470610735898, 0.000207037179759174, 0.000428473598778713, 0.00106887651272889, 0.000305613929358408, 6.96043755803263e-05, 0.000405015284822411, 4.4275856860955e-06, 0.00019870326713596, 0.000459679075320136, 0.000524230227614759, -6.15437136740941e-05
rf, 100, 3, 0.85, 12345, 0.000807133376173305, 1.20564879134437, -0.994819924937888, -0.590704997787638, 1.48578878368501, -1.36655745161087, 0.0359219781340738, -0.971079419987456, 3.88055744996945, 0.15366056278934, 0.237018408668144, 1.40444452910275, 2.51954295777475, 1.86337388842167, 2.06567548007516, 1.97310178093933, 1.810479741421, -0.34239389177168, 1.12371772897691, -0.621854289976565, 0.879410809955355
crf, 100, 3, 0.9, 12345, 0.766149782748488, 0.000284075285338552, -0.000526475691351699, -0.000114806973644658, 0.000246162765811253, 0.000190264412836058, -0.000185154591195388, 0.000273481495943395, -2.41120510457535e-06, 0.000271946965285153, 0.000663632794119948, 0.000112547390896683, 0.00135716266647893, 0.000671381332041659, -0.000445064738797628, 0.000126042601930953, 0.000597899299515802, 0.000242882575709727, 0.000175352783355957, -5.34257659115028e-05, 0.000198689369149633
rf, 100, 3, 0.9, 12345, 0.000377325754415522, -0.272150630941352, -0.624939127723522, 0.449399503253615, -0.140203501475245, 0.0518124566896736, -0.201104403110928, -0.295011563723905, 3.71034698136291, 0.197640844043134, 0.573367155998324, 3.19041104265288, 1.06213900405658, -0.197929277305637, 0.555905063269459, 1.13516230018612, 0.88929055823652, -0.486242665285622, 0.674925936108015, 0.4009299508341, 1.79466653989394
crf, 200, 3, 0.632, 12345, 0.672166462912918, 0.000141644824537928, -9.84709578770871e-05, -5.00722575297161e-05, 0.000202365931247704, 0.00037856070446739, -8.54331409820604e-05, -4.81163133038316e-05, 0.000183438569935691, -0.000310858677805889, 5.98650771431224e-05, 1.10933299903553e-05, 0.00068875100909163, 0.000110009120123623, 0.00018814369411962, -0.000157595676677632, 0.000362708525288148, 0.000159782554576936, 0.00020517590592021, -0.000114127729051096, 0.000144928352688531
rf, 200, 3, 0.632, 12345, 0.00426337285389618, 3.25714125667124, 0.452724012227648, -0.210979350547849, 2.69256418156826, 2.2756972857813, 2.12593929347304, 2.15112748790662, 7.71027510947027, 0.322068920208696, 1.22482787110725, 5.75189787716076, 6.23002973571235, 2.47828790544503, 2.28573478741092, 1.53907087269023, 2.52088533582308, 0.639589593916237, 0.283754187366673, -0.0112461339107868, 4.22990700053391
crf, 200, 3, 0.3, 12345, 0.389952534592539, 1.98236587437641e-05, -0.000122672334885572, -7.05419934841162e-05, 0.000209885449501405, 0.000573642756154425, -8.0215381791163e-05, 8.74783798106877e-05, 7.83381311152123e-05, 8.31526532903006e-06, 0.000106011789953189, -2.99095382152217e-05, 0.000506519349578464, 9.23055496692318e-05, 3.9554962099283e-05, 5.36924566460186e-05, 0.000264896952210489, 0.000134967393707142, 9.41656223475183e-05, -4.48126518762051e-05, 0.000271079046629248
rf, 200, 3, 0.3, 12345, 0.00674166551354652, 2.59255423996362, -0.450099531468529, 0.0938293904210625, 2.7027914649135, 3.97763492706819, 3.14632998237493, 0.368691174873422, 6.44157389466224, 1.32035488010837, 1.64643948398883, 5.58226139219745, 3.37561443315112, 1.90846628636885, 3.81100016139033, 1.62210628260833, 2.51157707864644, 1.21128604506897, -0.617913966300088, -1.87528703920117, 2.88262195174269
crf, 200, 3, 0.35, 12345, 0.446516122994703, 0.000267027655911151, 0.000115353088695018, 0.000131742278642244, 0.000250319123009086, 0.000786042650682301, -8.82047768542817e-05, 6.48530989121453e-05, 0.000177871796918898, -3.01679198823235e-06, 8.82855360299866e-05, 2.41472100478381e-05, 0.000451987166763754, 0.000203068218844297, -5.60153428398075e-05, -6.43490928161489e-06, 0.000395301889051083, 7.83294421489661e-05, 0.000129402835804791, -5.59308425730348e-05, 0.000191612561849053
rf, 200, 3, 0.35, 12345, 0.00379900084632702, 2.62533393437147, -0.847208999099029, -0.0644101171372049, 2.5195524420965, 3.04039003233818, 2.82563939501293, -1.09244954696764, 6.17501003464058, 0.0652737541970431, 2.06424654297414, 4.11628510104424, 4.10105078574111, 1.24599540372611, 3.98933601197912, 2.54788230979137, 4.1022703125822, 0.757464367963991, 0.269985318196116, -1.19158959570438, 2.94576327310325
crf, 200, 3, 0.4, 12345, 0.49732205824919, 0.000254030631346525, -0.000103762778630808, -0.00011859290580397, -6.70681696097544e-05, 0.000569457216155737, -3.44701502702185e-05, -3.13843792759048e-05, 0.000311878895162491, 5.50994781674544e-06, 5.8919601824475e-05, 2.70608745493559e-05, 0.00060599533167449, 0.000257138605203852, 6.3412986563209e-05, -0.000109097382163133, 0.000369220729380927, 0.000104399673440658, 0.000108173602512523, -0.000188189670032804, 0.00023057357217058
rf, 200, 3, 0.4, 12345, 0.00688143190457353, 4.15968180157879, 0.0858798568122803, 0.453966348133642, 1.73609492353414, 4.05280642353435, 4.2884397574824, 0.993857840891701, 7.14859890867966, 1.50453491944937, 2.09800667403179, 5.98606106094276, 5.5818628655306, 2.08170690760349, 2.45571859825771, 2.69145737807139, 4.16223747409585, 0.841005440955794, 0.333151289448437, -0.516671464546222, 3.91848179318919
crf, 200, 3, 0.45, 12345, 0.532807352371658, 0.000102005614779479, -9.66678034693436e-05, -0.00037480086368836, 5.11154330729395e-05, 0.00081731914723412, 4.39384428322324e-05, -9.92944551737797e-06, 0.000243371687953184, -0.000191002576460577, 0.000129033375927778, -8.54617435535858e-05, 0.000563861241556761, 0.000124107747955143, 1.54111366930263e-05, 0.000206972692457491, 0.000325207266089084, 0.000176644924676249, -2.96737002846433e-05, -0.000208535092956889, 0.000135855838199525
rf, 200, 3, 0.45, 12345, 0.00419191957634913, 4.98972315971719, 1.50618959305118, -0.764643877063976, 2.81161258146047, 2.10071793912971, 2.39861384382331, 0.359787297077921, 7.74507850911039, -0.0372745435721915, 2.48441607861886, 5.87662094371799, 4.83766152620688, 1.84800845344304, 2.80332476723616, 1.65624920908088, 1.22255831056185, 1.23689713912667, 0.597942771237734, 0.0847380605857245, 2.84305645313635
crf, 200, 3, 0.5, 12345, 0.580282387897504, 0.000198134438287315, -0.000196433721069106, -0.000152421752149428, 0.000347015514437079, 0.000719344000114116, -0.000114723169966704, 0.000249328878434063, 0.000282270844185646, 9.1113454922124e-05, 1.46346694134513e-05, 4.65039407919313e-05, 0.000246819620416132, 0.000354380273195843, -1.0913608214843e-05, -3.6245369891158e-05, 0.000398016361840903, 0.000175952541059822, 9.08047022308865e-06, 6.10805373704881e-05, 0.000174665021451711
rf, 200, 3, 0.5, 12345, 0.00559425559462677, 3.14584284114529, -0.180961110069257, -2.15009717208706, 2.24978904364346, 0.905825152020329, 0.875805445568072, -0.515993768437878, 6.95443825971081, 2.1876989297696, 1.49726435135614, 4.59113317586795, 3.4146609283358, 0.577026666065197, 0.353134528887416, 1.92375169878818, 2.73543799405898, 0.438764905465324, -0.161420339741347, -1.45636585935323, 3.03946185432307
crf, 200, 3, 0.55, 12345, 0.619604130019003, 7.74760792994903e-05, -2.69678643375616e-05, -9.50807076495404e-05, 0.000226362343543199, 0.000546276962229541, 0.00016162312298089, 0.000208491922113483, 0.000284187531605181, -5.52130860016423e-05, 0.00029893485583433, 5.02641339942241e-05, 0.000649447078963289, 0.000133024071091312, -5.51750922123045e-05, 0.000114014549696167, 0.000297238688669877, 0.000261400206510281, 0.000130206352130079, 4.15573211306496e-06, 0.00035412536648478
rf, 200, 3, 0.55, 12345, 0.00679626144922577, 3.83642688968973, 0.414991923224567, -0.758042353862251, 2.43170958862994, 2.04697530166762, 1.40440034031386, -0.0856299389937065, 7.00013300890594, 1.71806813684184, 2.11208336832321, 4.91399031651213, 5.52400515441605, 3.09691408815846, 4.60492027291397, 1.49932011034339, 4.28274017976158, 0.117322170863381, -0.997295904735949, 2.36696793054587, 4.41926336779406
crf, 200, 3, 0.6, 12345, 0.637530020560228, 0.000392296957755911, -6.39523670110519e-05, 7.11300301388616e-05, 0.000342343057741189, 0.000510380794664219, 5.36992342681026e-05, -6.73590937666859e-05, 0.000341052479245023, 0.000132639504014868, 5.34489116951889e-05, -2.30198659606802e-05, 0.000762215778279417, 8.0364754678289e-05, -0.000143744852107965, -8.09510740139642e-05, 0.000263208663524132, 0.00025230063406359, -7.6272637999887e-05, -0.000129024852500504, 0.000245976624399911
rf, 200, 3, 0.6, 12345, 0.00389969813106183, 4.59901349418769, -1.35100691263434, 0.49033885470041, 0.773941866616854, 2.22251539855296, 0.897587091714181, 1.30471686317034, 7.21230350223259, 2.16529293714143, 5.01627010450213, 5.00798303068001, 4.37366941676963, 0.598495239664759, 3.56319364175528, 1.25898780064597, 4.74283272316013, 1.79119895371883, -1.9330579004865, -1.63073189750811, 4.06898838370332
crf, 200, 3, 0.65, 12345, 0.684282672757405, 0.000269438080030072, -0.000170138734844821, -0.000199174805752841, 0.000216253850274098, 0.00107496670313521, 0.000147697925328552, 2.44194235298659e-06, 0.000425260447900465, 9.9111551672641e-05, -2.36826730247208e-05, 0.00018322553548941, 0.000824258160312081, 0.00016121111514317, 0.000390699297557631, 0.000127798967135545, 0.000445636110722772, 0.00015964875510765, 4.43733795807786e-05, -0.000201907549651355, 0.000341336663120473
rf, 200, 3, 0.65, 12345, 0.00541269694634463, 3.68408811397434, 0.08071521677173, 0.181551336959617, 0.541829144469891, 2.0516499157846, 1.52018567582861, 0.0520047826719105, 6.24713594058632, 0.449501274959297, 0.564058078587884, 5.21127740394366, 3.13338642343976, 1.20530383371999, 4.96539408098882, 2.16549481055843, 3.41882697747641, 2.66669604858121, -2.10382654108045, 0.108418077241639, 3.9149270801051
crf, 200, 3, 0.7, 12345, 0.693766947147558, 0.000522892919799142, -0.000341378098348143, 9.69455421973561e-06, 5.68035609561814e-05, 0.000532534543300352, -0.000107251636538549, -0.000184893068215349, 0.000188264065135367, -6.49519252438558e-05, 0.00029585590835746, 0.000109104070426182, 0.00113504496591739, 0.00042699452863446, 6.54149633821228e-05, -0.000395209962988237, 0.0003441734866173, 0.000313759325733291, 8.56925929018899e-05, -0.000444606048207499, 0.000338344234633427
rf, 200, 3, 0.7, 12345, 0.0077347760223333, 3.50958073584198, 1.42794797812659, -0.139586311866067, 2.81398581963045, 2.06694058881541, 2.12753497386678, 0.0697940121766319, 7.27125860409864, 0.993136890993692, 2.54624515025428, 4.89263041251221, 6.29064289988947, 4.1404127372928, 3.82735514819152, 0.430836565139809, 5.11406471571026, 1.78018301522342, 0.513497331683567, 1.37851050279436, 3.16622935128798
crf, 200, 3, 0.75, 12345, 0.727191579277566, 6.201260870656e-05, -0.000279982118555699, -0.000399601978961811, 1.42341590830743e-05, 0.000628957683933622, -0.000108377319470201, -4.34514928630939e-05, 0.000365596283859751, -0.000179766974457572, 2.55105479560502e-05, -9.09842696200856e-05, 0.000838414455871456, 0.000238885144076893, 1.41363980401385e-05, 6.4314930279576e-05, 0.000430018167789192, -4.43208503865815e-05, 6.8687156411551e-05, 5.14984180093327e-05, 0.000342486341757723
rf, 200, 3, 0.75, 12345, 0.00601820970407775, 3.9050623689955, 2.35372654362418, 1.93426439125796, 3.24630351983979, 2.42769598022432, 3.86551672146335, -0.474933442287249, 4.19392863337421, 2.61904077634971, 2.40313484700834, 4.67748161602864, 3.27412305494998, 2.84252608261878, 1.62984096631149, 1.99476205072546, 3.58277900979641, 1.03613911054897, 0.565325509921749, -2.02847022715536, 4.14450336622121
crf, 200, 3, 0.8, 12345, 0.739006882207097, 0.00038141006528324, -0.000265966689087274, -0.000180455926330119, 0.000149512737205097, 0.000481306247520263, -0.000344228729202135, 8.1131959442821e-05, 0.000229167141163866, -8.5836036338677e-05, -0.00019446395142214, 9.21309358187604e-05, 0.000557215251234793, 0.000355098597301424, 4.83604046715107e-05, -0.000231369492181388, 0.000270659255008791, 0.000147003226353743, -0.000123568218701881, 1.54837840697158e-05, 9.48401698102161e-05
rf, 200, 3, 0.8, 12345, 0.00592301979867125, 2.88219014003943, 0.397542480684749, 0.334750381667679, 1.78161818847463, 1.21330063754699, 2.9845460069197, 1.1672028672675, 6.05148451429407, 1.3693955844675, 1.32339446026848, 4.11250913988956, 3.08730737351195, 0.77428818081019, 0.724816858471453, 0.162005812185396, 3.6364927819517, 1.7064727743787, -0.117853451223402, 1.15050102824671, 2.15619757873852
crf, 200, 3, 0.85, 12345, 0.757073219204235, 6.60083450586213e-05, -0.000157669790440775, -0.000416029093646876, 0.000445876552381386, 0.000915776177202503, -0.00015971732262177, 0.000168226152065527, 0.000451901694949365, -2.38131913292418e-05, 0.000265738813278039, 4.69922388118047e-05, 0.000839585451252148, 0.000200320027959084, 3.61537465431797e-05, -0.000145102581961381, 0.000815576487542984, 0.00024703320886535, -3.59046960371548e-07, -0.00021807929379819, 0.0004125102706329
rf, 200, 3, 0.85, 12345, 0.00199147000184573, 2.6309639181624, -0.462038585693401, -0.558851428762501, 1.12792987725663, 2.43463506819737, 0.46795667868376, 2.19047634820907, 3.87762142504258, 1.14284247629018, 1.82698183846547, 3.21685344732509, 3.57671901523924, 0.424667922493784, 1.29795005849602, -0.634569399364246, 2.80876714347515, 2.11123847382658, -1.42908866390449, -0.860228798804147, 3.13274225743863
crf, 200, 3, 0.9, 12345, 0.775805673894925, -6.61818085794165e-06, 6.6468176707245e-05, -5.20409787403538e-05, 0.000400231169091159, 0.000921393778792322, 8.45803716629871e-05, -0.000458464748941371, 0.000583403384594173, -0.000124933438718645, -0.000479036827489562, 0.000201508976356529, 0.00145935365918521, 0.000766355292369088, 0.000958552709837134, -0.000229004384828784, 0.000839090911342356, 0.000790857528540876, -5.83619102235943e-05, -9.90656796456351e-05, 0.000318046820347523
rf, 200, 3, 0.9, 12345, 0.00266757560994908, 1.42830521817623, 0.751141170154505, -0.951630821084413, 3.27779196691028, 1.23164201196295, 2.2612277276925, 1.32820375764469, 1.61873517463009, 3.37029100472617, -0.0425891989175498, 2.62530116694525, 2.12758586138873, 0.364578601286464, 1.74305818774703, 0.476650038751859, 1.77793196869954, 1.01543267010839, -1.57587949758658, -0.885601026044392, 1.70676664402062
crf, 300, 3, 0.632, 12345, 0.67021052997611, 0.000108095571121711, -0.000320709056149827, 6.53004711903206e-06, 5.65088918045748e-05, 0.000754856860053542, -0.000162259409054515, 8.10755112145213e-05, 0.000434354276657468, 0.000120202639631121, 3.0949603037915e-05, 0.000116962818885531, 0.000779971936261125, 0.000249261015642026, 6.92595807198578e-05, -4.95194982333561e-05, 0.000618471437529478, 0.000256227167344403, -3.45593849356518e-05, -0.000289493649952252, 0.000251527861767226
rf, 300, 3, 0.632, 12345, 0.0054748660738448, 5.26714326378099, 0.0944605684342269, 0.301320351905247, 4.2121557937942, 2.79666933144294, 0.595181617743353, 0.135384815828358, 7.30884044927179, 1.82782511873252, 2.21599734635853, 7.17215010183406, 5.25606422964735, 2.04052547588832, 4.10731072100383, 3.40030498848539, 3.51842990201244, 0.686584384778333, -1.58221093214354, -0.952687341167106, 3.66982822504968
